2024-05-22 14:46:39,0,22,0,0,0,42,0,53,59,204,736,0,4,385,329,123
2024-05-22 14:46:39,0,22,0,0,0,42,0,53,59,204,736,0,4,385,329,123
2024-05-22 14:46:39,0,94,0,0,0,1,0,36,59,204,736,0,4,385,329,123
2024-05-22 14:46:39,0,94,0,0,0,1,0,36,0,0,411,88,28,277,234,216
2024-05-22 14:46:39,0,94,0,0,0,1,0,36,0,0,411,88,28,277,234,216
2024-05-22 14:46:39,0,0,0,0,27,7,34,97,0,0,411,88,28,277,234,216
2024-05-22 14:46:39,0,0,0,0,27,7,34,97,115,559,413,189,0,303,275,152
2024-05-22 14:46:39,0,0,0,0,27,7,34,97,115,559,413,189,0,303,275,152
2024-05-22 14:46:39,0,0,0,0,0,36,0,76,115,559,413,189,0,303,275,152
2024-05-22 14:46:39,0,0,0,0,0,36,0,76,115,559,413,189,0,303,275,152
2024-05-22 14:46:39,0,0,0,0,0,36,0,76,12,164,455,144,33,358,262,227
2024-05-22 14:46:39,0,0,0,0,0,36,0,76,12,164,455,144,33,358,262,227
2024-05-22 14:46:39,0,0,0,0,56,76,286,0,12,164,455,144,33,358,262,227
2024-05-22 14:46:39,0,0,0,0,56,76,286,0,0,166,407,111,0,222,304,297
2024-05-22 14:46:39,0,0,0,0,56,76,286,0,0,166,407,111,0,222,304,297
2024-05-22 14:46:39,0,0,0,0,0,0,0,76,0,166,407,111,0,222,304,297
2024-05-22 14:46:39,0,0,0,0,0,0,0,76,4,204,439,213,33,239,335,426
2024-05-22 14:46:39,0,0,0,0,0,0,0,76,4,204,439,213,33,239,335,426
2024-05-22 14:46:39,0,0,0,0,0,0,0,115,4,204,439,213,33,239,335,426
2024-05-22 14:46:39,0,0,0,0,0,0,0,115,0,198,381,149,0,486,573,163
2024-05-22 14:46:39,0,0,0,0,0,0,0,115,0,198,381,149,0,486,573,163
2024-05-22 14:46:39,0,0,0,0,0,64,0,51,0,198,381,149,0,486,573,163
2024-05-22 14:46:39,0,0,0,0,0,64,0,51,29,230,559,97,0,376,243,202
2024-05-22 14:46:39,0,0,0,0,0,64,0,51,29,230,559,97,0,376,243,202
2024-05-22 14:46:39,0,0,35,0,0,39,8,82,29,230,559,97,0,376,243,202
2024-05-22 14:46:39,0,0,35,0,0,39,8,82,0,105,405,70,0,221,312,288
2024-05-22 14:46:39,0,0,35,0,0,39,8,82,0,105,405,70,0,221,312,288
2024-05-22 14:46:39,0,0,0,0,7,36,38,91,0,105,405,70,0,221,312,288
2024-05-22 14:46:39,0,0,0,0,7,36,38,91,13,353,426,292,0,213,282,201
2024-05-22 14:46:39,0,0,0,0,7,36,38,91,13,353,426,292,0,213,282,201
2024-05-22 14:46:39,36,0,0,0,0,0,0,61,13,353,426,292,0,213,282,201
2024-05-22 14:46:39,36,0,0,0,0,0,0,61,0,0,503,184,13,242,291,202
2024-05-22 14:46:39,36,0,0,0,0,0,0,61,0,0,503,184,13,242,291,202
2024-05-22 14:46:39,0,0,0,0,0,48,0,178,0,0,503,184,13,242,291,202
2024-05-22 14:46:39,0,0,0,0,0,48,0,178,0,0,503,184,13,242,291,202
2024-05-22 14:46:39,0,0,0,0,0,48,0,178,294,91,545,175,0,178,175,225
2024-05-22 14:46:39,0,0,0,0,0,21,0,0,294,91,545,175,0,178,175,225
2024-05-22 14:46:39,0,0,0,0,0,21,0,0,294,91,545,175,0,178,175,225
2024-05-22 14:46:39,0,0,0,0,0,21,0,0,0,175,585,210,21,315,274,251
2024-05-22 14:46:40,0,0,0,0,0,21,0,0,0,175,585,210,21,315,274,251
2024-05-22 14:46:40,6,0,0,0,27,350,0,236,0,175,585,210,21,315,274,251
2024-05-22 14:46:40,6,0,0,0,27,350,0,236,0,135,467,166,0,254,286,440
2024-05-22 14:46:40,6,0,0,0,27,350,0,236,0,135,467,166,0,254,286,440
2024-05-22 14:46:40,0,0,0,0,91,35,63,196,0,135,467,166,0,254,286,440
2024-05-22 14:46:40,0,0,0,0,91,35,63,196,4,172,582,254,21,521,411,236
2024-05-22 14:46:40,0,0,0,0,91,35,63,196,4,172,582,254,21,521,411,236
2024-05-22 14:46:40,0,0,0,0,339,86,65,157,4,172,582,254,21,521,411,236
2024-05-22 14:46:40,0,0,0,0,339,86,65,157,0,137,437,233,0,644,339,274
2024-05-22 14:46:40,0,0,0,0,339,86,65,157,0,137,437,233,0,644,339,274
2024-05-22 14:46:40,0,0,0,0,0,61,33,128,0,137,437,233,0,644,339,274
2024-05-22 14:46:40,0,0,0,0,0,61,33,128,67,155,521,411,164,362,294,278
2024-05-22 14:46:40,0,0,0,0,0,61,33,128,67,155,521,411,164,362,294,278
2024-05-22 14:46:40,0,0,0,0,0,96,69,190,67,155,521,411,164,362,294,278
2024-05-22 14:46:40,0,0,0,0,0,96,69,190,0,157,265,24,30,225,294,292
2024-05-22 14:46:40,0,0,0,0,0,96,69,190,0,157,265,24,30,225,294,292
2024-05-22 14:46:40,0,0,0,0,47,146,127,288,0,157,265,24,30,225,294,292
2024-05-22 14:46:40,0,0,0,0,47,146,127,288,10,82,312,307,28,176,320,289
2024-05-22 14:46:40,0,0,0,0,47,146,127,288,10,82,312,307,28,176,320,289
2024-05-22 14:46:40,0,0,0,0,0,93,70,213,10,82,312,307,28,176,320,289
2024-05-22 14:46:40,0,0,0,0,0,93,70,213,579,397,446,294,50,295,402,320
2024-05-22 14:46:40,0,0,0,0,0,93,70,213,579,397,446,294,50,295,402,320
2024-05-22 14:46:40,0,0,0,0,90,152,100,606,579,397,446,294,50,295,402,320
2024-05-22 14:46:40,0,0,0,0,90,152,100,606,579,397,446,294,50,295,402,320
2024-05-22 14:46:40,0,0,0,0,90,152,100,606,97,178,440,274,33,189,314,193
2024-05-22 14:46:40,0,0,0,0,90,152,100,606,97,178,440,274,33,189,314,193
2024-05-22 14:46:40,0,0,0,0,0,94,327,487,97,178,440,274,33,189,314,193
2024-05-22 14:46:40,0,0,0,0,0,94,327,487,74,160,474,309,137,250,343,248
2024-05-22 14:46:40,0,0,0,0,0,94,327,487,74,160,474,309,137,250,343,248
2024-05-22 14:46:40,0,0,3,0,68,0,248,329,74,160,474,309,137,250,343,248
2024-05-22 14:46:40,0,0,3,0,68,0,248,329,73,192,384,216,17,364,0,307
2024-05-22 14:46:40,0,0,3,0,68,0,248,329,73,192,384,216,17,364,0,307
2024-05-22 14:46:40,0,0,0,0,231,724,159,440,73,192,384,216,17,364,0,307
2024-05-22 14:46:40,0,0,0,0,231,724,159,440,85,179,579,339,122,272,225,246
2024-05-22 14:46:40,0,0,0,0,231,724,159,440,85,179,579,339,122,272,225,246
2024-05-22 14:46:40,0,0,0,0,131,149,192,592,85,179,579,339,122,272,225,246
2024-05-22 14:46:40,0,0,0,0,131,149,192,592,0,189,455,355,0,289,347,260
2024-05-22 14:46:40,0,0,0,0,131,149,192,592,0,189,455,355,0,289,347,260
2024-05-22 14:46:40,0,0,0,0,19,231,218,637,0,189,455,355,0,289,347,260
2024-05-22 14:46:40,0,0,0,0,19,231,218,637,82,256,638,347,171,271,367,277
2024-05-22 14:46:40,0,0,0,0,19,231,218,637,82,256,638,347,171,271,367,277
2024-05-22 14:46:40,0,61,80,0,7,172,142,495,82,256,638,347,171,271,367,277
2024-05-22 14:46:40,0,61,80,0,7,172,142,495,0,219,0,326,60,295,396,278
2024-05-22 14:46:40,0,61,80,0,7,172,142,495,0,219,0,326,60,295,396,278
2024-05-22 14:46:40,96,41,0,0,13,190,203,621,0,219,0,326,60,295,396,278
2024-05-22 14:46:40,96,41,0,0,13,190,203,621,0,93,416,277,43,300,530,282
2024-05-22 14:46:40,96,41,0,0,13,190,203,621,0,93,416,277,43,300,530,282
2024-05-22 14:46:40,9,0,0,0,0,132,180,341,0,93,416,277,43,300,530,282
2024-05-22 14:46:40,9,0,0,0,0,132,180,341,0,93,416,277,43,300,530,282
2024-05-22 14:46:40,9,0,0,0,0,132,180,341,0,62,592,344,43,344,541,375
2024-05-22 14:46:40,9,0,0,0,0,132,180,341,0,62,592,344,43,344,541,375
2024-05-22 14:46:40,0,0,0,0,65,274,134,617,0,62,592,344,43,344,541,375
2024-05-22 14:46:40,0,0,0,0,65,274,134,617,0,260,568,414,0,367,507,306
2024-05-22 14:46:40,0,0,0,0,65,274,134,617,0,260,568,414,0,367,507,306
2024-05-22 14:46:40,0,0,0,0,0,199,0,539,0,260,568,414,0,367,507,306
2024-05-22 14:46:40,0,0,0,0,0,199,0,539,42,254,557,446,106,343,608,243
2024-05-22 14:46:40,0,0,0,0,0,199,0,539,42,254,557,446,106,343,608,243
2024-05-22 14:46:40,0,0,0,0,0,0,342,423,0,221,603,359,22,29,0,410
2024-05-22 14:46:40,0,0,0,0,0,0,342,423,0,221,603,359,22,29,0,410
2024-05-22 14:46:40,0,0,0,0,0,0,342,423,0,221,603,359,22,29,0,410
2024-05-22 14:46:40,0,0,0,0,0,115,222,573,0,221,603,359,22,29,0,410
2024-05-22 14:46:40,0,0,0,0,0,115,222,573,29,266,667,403,71,33,114,347
2024-05-22 14:46:40,0,0,0,0,0,115,222,573,29,266,667,403,71,33,114,347
2024-05-22 14:46:40,0,0,0,0,0,115,222,573,29,266,667,403,71,33,114,347
2024-05-22 14:46:40,0,0,0,0,0,115,222,573,0,253,669,428,119,248,490,410
2024-05-22 14:46:40,0,0,0,0,0,115,222,573,0,253,669,428,119,248,490,410
2024-05-22 14:46:40,0,0,0,0,27,193,233,602,0,253,669,428,119,248,490,410
2024-05-22 14:46:40,0,0,0,0,27,193,233,602,123,306,948,480,54,236,454,347
2024-05-22 14:46:40,0,0,0,0,27,193,233,602,123,306,948,480,54,236,454,347
2024-05-22 14:46:40,0,0,0,0,22,182,203,545,123,306,948,480,54,236,454,347
2024-05-22 14:46:40,0,0,0,0,22,182,203,545,50,213,743,371,78,289,426,346
2024-05-22 14:46:40,0,0,0,0,22,182,203,545,50,213,743,371,78,289,426,346
2024-05-22 14:46:40,114,7,0,0,53,179,225,483,50,213,743,371,78,289,426,346
2024-05-22 14:46:40,114,7,0,0,53,179,225,483,50,213,743,371,78,289,426,346
2024-05-22 14:46:40,114,7,0,0,53,179,225,483,0,199,679,335,52,301,457,242
2024-05-22 14:46:40,0,0,0,0,0,122,171,1118,0,199,679,335,52,301,457,242
2024-05-22 14:46:40,0,0,0,0,0,122,171,1118,0,199,679,335,52,301,457,242
2024-05-22 14:46:40,0,0,0,0,0,122,171,1118,0,250,695,375,106,341,490,347
2024-05-22 14:46:40,0,0,0,0,0,122,171,1118,0,250,695,375,106,341,490,347
2024-05-22 14:46:40,0,0,0,0,53,227,0,157,0,250,695,375,106,341,490,347
2024-05-22 14:46:40,0,0,0,0,53,227,0,157,44,199,568,285,32,231,419,711
2024-05-22 14:46:40,0,0,0,0,53,227,0,157,44,199,568,285,32,231,419,711
2024-05-22 14:46:40,0,0,0,0,13,129,357,551,44,199,568,285,32,231,419,711
2024-05-22 14:46:40,0,0,0,0,13,129,357,551,77,257,702,399,122,341,288,199
2024-05-22 14:46:40,0,0,0,0,13,129,357,551,77,257,702,399,122,341,288,199
2024-05-22 14:46:40,0,0,0,0,0,134,263,533,77,257,702,399,122,341,288,199
2024-05-22 14:46:40,0,0,0,0,0,134,263,533,0,233,638,346,13,397,0,378
2024-05-22 14:46:40,0,0,0,0,0,134,263,533,0,233,638,346,13,397,0,378
2024-05-22 14:46:40,0,0,0,0,0,274,281,577,0,233,638,346,13,397,0,378
2024-05-22 14:46:40,0,0,0,0,0,274,281,577,42,275,724,419,0,329,391,259
2024-05-22 14:46:40,0,0,0,0,0,274,281,577,42,275,724,419,0,329,391,259
2024-05-22 14:46:40,7,0,18,0,41,214,217,591,42,275,724,419,0,329,391,259
2024-05-22 14:46:40,7,0,18,0,41,214,217,591,26,278,641,635,77,475,417,387
2024-05-22 14:46:40,7,0,18,0,41,214,217,591,26,278,641,635,77,475,417,387
2024-05-22 14:46:40,0,10,35,0,51,233,277,606,26,278,641,635,77,475,417,387
2024-05-22 14:46:40,0,10,35,0,51,233,277,606,79,271,946,547,47,416,448,397
2024-05-22 14:46:40,0,10,35,0,51,233,277,606,79,271,946,547,47,416,448,397
2024-05-22 14:46:40,44,0,0,0,0,205,219,559,79,271,946,547,47,416,448,397
2024-05-22 14:46:40,44,0,0,0,0,205,219,559,77,0,391,410,58,434,443,402
2024-05-22 14:46:40,44,0,0,0,0,205,219,559,77,0,391,410,58,434,443,402
2024-05-22 14:46:41,0,0,0,0,122,277,295,641,77,0,391,410,58,434,443,402
2024-05-22 14:46:41,0,0,0,0,122,277,295,641,77,0,391,410,58,434,443,402
2024-05-22 14:46:41,0,0,0,0,122,277,295,641,0,440,621,381,110,375,454,379
2024-05-22 14:46:41,0,0,0,0,122,277,295,641,0,440,621,381,110,375,454,379
2024-05-22 14:46:41,0,0,0,0,62,193,112,128,0,440,621,381,110,375,454,379
2024-05-22 14:46:41,0,0,0,0,62,193,112,128,32,286,646,408,62,475,489,327
2024-05-22 14:46:41,0,0,0,0,62,193,112,128,32,286,646,408,62,475,489,327
2024-05-22 14:46:41,0,0,18,0,70,163,75,688,32,286,646,408,62,475,489,327
2024-05-22 14:46:41,0,0,18,0,70,163,75,688,64,303,637,343,8,384,469,135
2024-05-22 14:46:41,0,0,18,0,70,163,75,688,64,303,637,343,8,384,469,135
2024-05-22 14:46:41,0,0,0,0,27,0,632,371,64,303,637,343,8,384,469,135
2024-05-22 14:46:41,0,0,0,0,27,0,632,371,108,332,684,376,112,553,606,314
2024-05-22 14:46:41,0,0,0,0,27,0,632,371,108,332,684,376,112,553,606,314
2024-05-22 14:46:41,0,0,0,0,41,493,215,359,108,332,684,376,112,553,606,314
2024-05-22 14:46:41,0,0,0,0,41,493,215,359,59,239,573,306,74,0,602,318
2024-05-22 14:46:41,0,0,0,0,41,493,215,359,59,239,573,306,74,0,602,318
2024-05-22 14:46:41,0,0,13,0,0,259,239,460,59,239,573,306,74,0,602,318
2024-05-22 14:46:41,0,0,13,0,0,259,239,460,21,275,696,327,84,637,477,364
2024-05-22 14:46:41,0,0,13,0,0,259,239,460,21,275,696,327,84,637,477,364
2024-05-22 14:46:41,0,0,0,0,0,204,180,362,21,275,696,327,84,637,477,364
2024-05-22 14:46:41,0,0,0,0,0,204,180,362,0,292,416,329,0,311,446,330
2024-05-22 14:46:41,0,0,0,0,0,204,180,362,0,292,416,329,0,311,446,330
2024-05-22 14:46:41,0,0,0,0,32,218,246,416,0,292,416,329,0,311,446,330
2024-05-22 14:46:41,0,0,0,0,32,218,246,416,76,312,571,166,58,356,489,324
2024-05-22 14:46:41,0,0,0,0,32,218,246,416,76,312,571,166,58,356,489,324
2024-05-22 14:46:41,0,0,0,0,22,246,185,341,76,312,571,166,58,356,489,324
2024-05-22 14:46:41,0,0,0,0,22,246,185,341,0,765,321,329,40,443,519,394
2024-05-22 14:46:41,0,0,0,0,22,246,185,341,0,765,321,329,40,443,519,394
2024-05-22 14:46:41,41,0,0,0,56,332,251,338,0,765,321,329,40,443,519,394
2024-05-22 14:46:41,41,0,0,0,56,332,251,338,0,765,321,329,40,443,519,394
2024-05-22 14:46:41,41,0,0,0,56,332,251,338,324,280,690,323,67,361,411,242
2024-05-22 14:46:41,41,0,0,0,56,332,251,338,324,280,690,323,67,361,411,242
2024-05-22 14:46:41,0,0,0,0,0,210,46,850,324,280,690,323,67,361,411,242
2024-05-22 14:46:41,0,0,0,0,0,210,46,850,135,268,631,300,146,452,489,263
2024-05-22 14:46:41,0,0,0,0,0,210,46,850,135,268,631,300,146,452,489,263
2024-05-22 14:46:41,0,0,0,0,80,64,280,381,135,268,631,300,146,452,489,263
2024-05-22 14:46:41,0,0,0,0,80,64,280,381,44,222,693,268,0,298,458,0
2024-05-22 14:46:41,0,0,0,0,80,64,280,381,44,222,693,268,0,298,458,0
2024-05-22 14:46:41,0,0,0,0,3,179,237,699,44,222,693,268,0,298,458,0
2024-05-22 14:46:41,0,0,0,0,3,179,237,699,102,214,708,417,67,699,161,283
2024-05-22 14:46:41,0,0,0,0,3,179,237,699,102,214,708,417,67,699,161,283
2024-05-22 14:46:41,7,7,0,0,349,245,214,605,102,214,708,417,67,699,161,283
2024-05-22 14:46:41,7,7,0,0,349,245,214,605,10,271,679,303,570,213,425,286
2024-05-22 14:46:41,7,7,0,0,349,245,214,605,10,271,679,303,570,213,425,286
2024-05-22 14:46:41,0,0,0,199,24,230,205,557,10,271,679,303,570,213,425,286
2024-05-22 14:46:41,0,0,0,199,24,230,205,557,111,291,708,407,194,364,353,248
2024-05-22 14:46:41,0,0,0,199,24,230,205,557,111,291,708,407,194,364,353,248
2024-05-22 14:46:41,0,0,0,0,3,210,185,509,111,291,708,407,194,364,353,248
2024-05-22 14:46:41,0,0,0,0,3,210,185,509,0,243,579,332,56,353,432,300
2024-05-22 14:46:41,0,0,0,0,3,210,185,509,0,243,579,332,56,353,432,300
2024-05-22 14:46:41,0,251,0,0,73,216,206,531,0,243,579,332,56,353,432,300
2024-05-22 14:46:41,0,251,0,0,73,216,206,531,105,0,239,306,87,358,435,248
2024-05-22 14:46:41,0,251,0,0,73,216,206,531,105,0,239,306,87,358,435,248
2024-05-22 14:46:41,102,0,0,0,54,230,203,557,105,0,239,306,87,358,435,248
2024-05-22 14:46:41,102,0,0,0,54,230,203,557,105,0,239,306,87,358,435,248
2024-05-22 14:46:41,102,0,0,0,54,230,203,557,0,0,713,335,65,399,333,330
2024-05-22 14:46:41,102,0,0,0,54,230,203,557,0,0,713,335,65,399,333,330
2024-05-22 14:46:41,0,0,0,0,108,245,245,871,0,0,713,335,65,399,333,330
2024-05-22 14:46:41,0,0,0,0,108,245,245,871,12,237,681,309,43,405,440,307
2024-05-22 14:46:41,0,0,0,0,108,245,245,871,12,237,681,309,43,405,440,307
2024-05-22 14:46:41,0,0,0,0,0,300,47,745,12,237,681,309,43,405,440,307
2024-05-22 14:46:41,0,0,0,0,0,300,47,745,76,280,740,399,116,483,518,518
2024-05-22 14:46:41,0,0,0,0,0,300,47,745,76,280,740,399,116,483,518,518
2024-05-22 14:46:41,0,15,3,0,9,419,151,544,76,280,740,399,116,483,518,518
2024-05-22 14:46:41,0,15,3,0,9,419,151,544,56,243,756,300,47,349,666,538
2024-05-22 14:46:41,0,15,3,0,9,419,151,544,56,243,756,300,47,349,666,538
2024-05-22 14:46:41,0,0,0,36,103,189,239,624,56,243,756,300,47,349,666,538
2024-05-22 14:46:41,0,0,0,36,103,189,239,624,106,411,769,388,75,311,794,329
2024-05-22 14:46:41,0,0,0,36,103,189,239,624,106,411,769,388,75,311,794,329
2024-05-22 14:46:41,0,0,29,0,216,213,178,667,106,411,769,388,75,311,794,329
2024-05-22 14:46:41,0,0,29,0,216,213,178,667,13,227,658,332,0,824,471,359
2024-05-22 14:46:41,0,0,29,0,216,213,178,667,13,227,658,332,0,824,471,359
2024-05-22 14:46:41,0,0,353,9,58,306,248,716,13,227,658,332,0,824,471,359
2024-05-22 14:46:41,0,0,353,9,58,306,248,716,64,407,451,231,0,455,460,304
2024-05-22 14:46:41,0,0,353,9,58,306,248,716,64,407,451,231,0,455,460,304
2024-05-22 14:46:41,0,0,106,0,24,253,235,659,64,407,451,231,0,455,460,304
2024-05-22 14:46:41,0,0,106,0,24,253,235,659,10,237,615,411,64,407,510,326
2024-05-22 14:46:41,0,0,106,0,24,253,235,659,10,237,615,411,64,407,510,326
2024-05-22 14:46:41,0,0,0,0,48,248,302,705,10,237,615,411,64,407,510,326
2024-05-22 14:46:41,0,0,0,0,48,248,302,705,10,237,615,411,64,407,510,326
2024-05-22 14:46:41,0,0,0,0,48,248,302,705,0,443,618,367,58,317,423,243
2024-05-22 14:46:41,0,0,0,0,48,248,302,705,0,443,618,367,58,317,423,243
2024-05-22 14:46:41,0,0,0,0,48,248,302,705,0,443,618,367,58,317,423,243
2024-05-22 14:46:41,0,0,0,0,48,248,302,705,0,443,618,367,58,317,423,243
2024-05-22 14:46:41,0,0,0,0,48,248,302,705,0,443,618,367,58,317,423,243
2024-05-22 14:46:41,0,0,0,0,103,278,18,757,0,443,618,367,58,317,423,243
2024-05-22 14:46:41,0,0,0,0,103,278,18,757,0,275,626,410,43,216,417,198
2024-05-22 14:46:41,0,0,0,0,103,278,18,757,0,275,626,410,43,216,417,198
2024-05-22 14:46:41,0,0,0,0,0,414,237,646,0,275,626,410,43,216,417,198
2024-05-22 14:46:41,0,0,0,0,0,414,237,646,83,295,675,314,101,227,455,579
2024-05-22 14:46:41,0,0,0,0,0,414,237,646,83,295,675,314,101,227,455,579
2024-05-22 14:46:41,0,0,0,0,0,0,217,571,83,295,675,314,101,227,455,579
2024-05-22 14:46:41,0,0,0,0,0,0,217,571,50,201,612,285,20,172,315,304
2024-05-22 14:46:41,0,0,0,0,0,0,217,571,50,201,612,285,20,172,315,304
2024-05-22 14:46:41,0,0,0,6,0,339,239,541,50,201,612,285,20,172,315,304
2024-05-22 14:46:41,0,0,0,6,0,339,239,541,36,309,731,355,417,152,547,259
2024-05-22 14:46:41,0,0,0,6,0,339,239,541,36,309,731,355,417,152,547,259
2024-05-22 14:46:41,0,0,0,4,21,231,242,370,36,309,731,355,417,152,547,259
2024-05-22 14:46:41,0,0,0,4,21,231,242,370,0,199,589,207,272,344,493,320
2024-05-22 14:46:41,0,0,0,4,21,231,242,370,0,199,589,207,272,344,493,320
2024-05-22 14:46:42,0,0,103,0,61,283,204,563,0,199,589,207,272,344,493,320
2024-05-22 14:46:42,0,0,103,0,61,283,204,563,105,253,189,396,79,245,442,317
2024-05-22 14:46:42,0,0,103,0,61,283,204,563,105,253,189,396,79,245,442,317
2024-05-22 14:46:42,0,135,0,0,0,193,167,475,105,253,189,396,79,245,442,317
2024-05-22 14:46:42,0,135,0,0,0,193,167,475,29,618,676,373,92,344,501,341
2024-05-22 14:46:42,0,135,0,0,0,193,167,475,29,618,676,373,92,344,501,341
2024-05-22 14:46:42,71,0,0,0,88,320,211,446,29,618,676,373,92,344,501,341
2024-05-22 14:46:42,71,0,0,0,88,320,211,446,29,618,676,373,92,344,501,341
2024-05-22 14:46:42,71,0,0,0,88,320,211,446,1,829,617,353,56,285,446,271
2024-05-22 14:46:42,0,0,0,0,45,239,178,548,1,829,617,353,56,285,446,271
2024-05-22 14:46:42,0,0,0,0,45,239,178,548,1,829,617,353,56,285,446,271
2024-05-22 14:46:42,0,0,0,0,45,239,178,548,62,266,606,339,136,333,487,257
2024-05-22 14:46:42,0,0,0,0,45,239,178,548,62,266,606,339,136,333,487,257
2024-05-22 14:46:42,0,0,0,0,112,243,282,309,62,266,606,339,136,333,487,257
2024-05-22 14:46:42,0,0,0,0,112,243,282,309,86,248,588,318,94,266,385,0
2024-05-22 14:46:42,0,0,0,0,112,243,282,309,86,248,588,318,94,266,385,0
2024-05-22 14:46:42,0,0,0,0,86,0,146,472,86,248,588,318,94,266,385,0
2024-05-22 14:46:42,0,0,0,0,86,0,146,472,118,282,634,350,155,365,448,0
2024-05-22 14:46:42,0,0,0,0,86,0,146,472,118,282,634,350,155,365,448,0
2024-05-22 14:46:42,0,10,0,0,157,490,204,487,118,282,634,350,155,365,448,0
2024-05-22 14:46:42,0,10,0,0,157,490,204,487,18,233,615,353,27,0,574,307
2024-05-22 14:46:42,0,10,0,0,157,490,204,487,18,233,615,353,27,0,574,307
2024-05-22 14:46:42,0,0,0,54,378,245,212,426,18,233,615,353,27,0,574,307
2024-05-22 14:46:42,0,0,0,54,378,245,212,426,192,336,632,410,379,640,355,243
2024-05-22 14:46:42,0,0,0,54,378,245,212,426,192,336,632,410,379,640,355,243
2024-05-22 14:46:42,0,0,0,0,80,190,100,289,192,336,632,410,379,640,355,243
2024-05-22 14:46:42,0,0,0,0,80,190,100,289,129,240,440,105,293,390,371,228
2024-05-22 14:46:42,0,0,0,0,80,190,100,289,129,240,440,105,293,390,371,228
2024-05-22 14:46:42,0,1,15,0,117,228,207,431,129,240,440,105,293,390,371,228
2024-05-22 14:46:42,0,1,15,0,117,228,207,431,173,320,685,580,141,367,349,202
2024-05-22 14:46:42,0,1,15,0,117,228,207,431,173,320,685,580,141,367,349,202
2024-05-22 14:46:42,0,0,0,0,51,260,175,341,173,320,685,580,141,367,349,202
2024-05-22 14:46:42,0,0,0,0,51,260,175,341,303,0,906,341,139,431,440,304
2024-05-22 14:46:42,0,0,0,0,51,260,175,341,303,0,906,341,139,431,440,304
2024-05-22 14:46:42,437,0,0,0,158,254,203,280,303,0,906,341,139,431,440,304
2024-05-22 14:46:42,437,0,0,0,158,254,203,280,303,0,906,341,139,431,440,304
2024-05-22 14:46:42,437,0,0,0,158,254,203,280,531,7,600,237,99,428,362,207
2024-05-22 14:46:42,437,0,0,0,158,254,203,280,531,7,600,237,99,428,362,207
2024-05-22 14:46:42,0,0,0,0,71,193,157,926,531,7,600,237,99,428,362,207
2024-05-22 14:46:42,0,0,0,0,71,193,157,926,0,286,594,265,156,435,321,61
2024-05-22 14:46:42,0,0,0,0,71,193,157,926,0,286,594,265,156,435,321,61
2024-05-22 14:46:42,0,0,0,0,155,317,206,149,0,286,594,265,156,435,321,61
2024-05-22 14:46:42,0,0,0,0,155,317,206,149,182,210,631,311,122,390,556,172
2024-05-22 14:46:42,0,0,0,0,155,317,206,149,182,210,631,311,122,390,556,172
2024-05-22 14:46:42,0,0,0,0,157,122,62,428,182,210,631,311,122,390,556,172
2024-05-22 14:46:42,0,0,0,0,157,122,62,428,204,266,714,298,164,251,731,218
2024-05-22 14:46:42,0,0,0,0,157,122,62,428,204,266,714,298,164,251,731,218
2024-05-22 14:46:42,0,1,0,0,83,458,135,423,204,266,714,298,164,251,731,218
2024-05-22 14:46:42,0,1,0,0,83,458,135,423,204,266,714,298,164,251,731,218
2024-05-22 14:46:42,0,1,0,0,83,458,135,423,204,266,714,298,164,251,731,218
2024-05-22 14:46:42,0,0,0,15,86,169,135,349,204,266,714,298,164,251,731,218
2024-05-22 14:46:42,0,0,0,15,86,169,135,349,233,343,538,0,205,490,487,214
2024-05-22 14:46:42,0,0,0,15,86,169,135,349,233,343,538,0,205,490,487,214
2024-05-22 14:46:42,1,91,100,1,21,187,173,300,233,343,538,0,205,490,487,214
2024-05-22 14:46:42,1,91,100,1,21,187,173,300,61,280,457,326,79,435,458,246
2024-05-22 14:46:42,1,91,100,1,21,187,173,300,61,280,457,326,79,435,458,246
2024-05-22 14:46:42,44,44,15,0,90,219,194,417,61,280,457,326,79,435,458,246
2024-05-22 14:46:42,44,44,15,0,90,219,194,417,118,285,0,198,114,388,455,204
2024-05-22 14:46:42,44,44,15,0,90,219,194,417,118,285,0,198,114,388,455,204
2024-05-22 14:46:42,6,0,0,0,51,225,150,349,118,285,0,198,114,388,455,204
2024-05-22 14:46:42,6,0,0,0,51,225,150,349,118,285,0,198,114,388,455,204
2024-05-22 14:46:42,6,0,0,0,51,225,150,349,182,7,620,315,144,503,467,250
2024-05-22 14:46:42,0,0,6,0,85,251,130,173,182,7,620,315,144,503,467,250
2024-05-22 14:46:42,0,0,6,0,85,251,130,173,182,7,620,315,144,503,467,250
2024-05-22 14:46:42,0,0,6,0,85,251,130,173,149,303,506,166,23,400,282,122
2024-05-22 14:46:42,0,0,6,0,85,251,130,173,149,303,506,166,23,400,282,122
2024-05-22 14:46:42,0,0,0,0,0,169,268,788,149,303,506,166,23,400,282,122
2024-05-22 14:46:42,0,0,0,0,0,169,268,788,53,280,518,211,114,445,408,135
2024-05-22 14:46:42,0,0,0,0,0,169,268,788,53,280,518,211,114,445,408,135
2024-05-22 14:46:42,0,0,7,0,79,405,0,375,53,280,518,211,114,445,408,135
2024-05-22 14:46:42,0,0,7,0,79,405,0,375,85,314,460,349,29,463,304,33
2024-05-22 14:46:42,0,0,7,0,79,405,0,375,85,314,460,349,29,463,304,33
2024-05-22 14:46:42,0,0,7,0,79,405,0,375,85,314,460,349,29,463,304,33
2024-05-22 14:46:42,0,0,7,0,79,405,0,375,114,431,536,391,139,158,359,301
2024-05-22 14:46:42,0,0,7,0,79,405,0,375,114,431,536,391,139,158,359,301
2024-05-22 14:46:42,0,0,0,0,0,227,171,300,114,431,536,391,139,158,359,301
2024-05-22 14:46:42,0,0,0,0,0,227,171,300,173,338,531,239,482,580,501,303
2024-05-22 14:46:42,0,0,0,0,0,227,171,300,173,338,531,239,482,580,501,303
2024-05-22 14:46:42,0,0,530,0,117,242,171,362,173,338,531,239,482,580,501,303
2024-05-22 14:46:42,0,0,530,0,117,242,171,362,221,385,562,486,0,434,466,208
2024-05-22 14:46:42,0,0,530,0,117,242,171,362,221,385,562,486,0,434,466,208
2024-05-22 14:46:42,0,0,0,0,70,202,151,289,221,385,562,486,0,434,466,208
2024-05-22 14:46:42,0,0,0,0,70,202,151,289,73,275,298,495,101,446,509,291
2024-05-22 14:46:42,0,0,0,0,70,202,151,289,73,275,298,495,101,446,509,291
2024-05-22 14:46:42,0,0,0,0,108,221,178,367,73,275,298,495,101,446,509,291
2024-05-22 14:46:42,0,0,0,0,108,221,178,367,198,0,254,190,99,428,472,202
2024-05-22 14:46:42,0,0,0,0,108,221,178,367,198,0,254,190,99,428,472,202
2024-05-22 14:46:42,109,0,0,0,32,114,111,391,198,0,254,190,99,428,472,202
2024-05-22 14:46:42,109,0,0,0,32,114,111,391,198,0,254,190,99,428,472,202
2024-05-22 14:46:42,109,0,0,0,32,114,111,391,225,224,545,254,97,478,486,274
2024-05-22 14:46:42,109,0,0,0,32,114,111,391,225,224,545,254,97,478,486,274
2024-05-22 14:46:42,0,0,0,0,90,210,237,227,225,224,545,254,97,478,486,274
2024-05-22 14:46:42,0,0,0,0,90,210,237,227,370,362,506,182,78,350,425,253
2024-05-22 14:46:42,0,0,0,0,90,210,237,227,370,362,506,182,78,350,425,253
2024-05-22 14:46:42,0,0,0,0,18,205,117,29,370,362,506,182,78,350,425,253
2024-05-22 14:46:42,0,0,0,0,18,205,117,29,94,407,503,294,104,437,678,1
2024-05-22 14:46:42,0,0,0,0,18,205,117,29,94,407,503,294,104,437,678,1
2024-05-22 14:46:42,0,0,0,0,190,105,442,265,94,407,503,294,104,437,678,1
2024-05-22 14:46:42,0,0,0,0,190,105,442,265,88,370,490,211,104,492,330,973
2024-05-22 14:46:42,0,0,0,0,190,105,442,265,88,370,490,211,104,492,330,973
2024-05-22 14:46:43,0,0,0,56,0,554,172,301,88,370,490,211,104,492,330,973
2024-05-22 14:46:43,0,0,0,56,0,554,172,301,102,397,498,246,567,336,160,207
2024-05-22 14:46:43,0,0,0,56,0,554,172,301,102,397,498,246,567,336,160,207
2024-05-22 14:46:43,0,0,0,0,169,170,130,304,102,397,498,246,567,336,160,207
2024-05-22 14:46:43,0,0,0,0,169,170,130,304,44,321,484,260,238,617,503,224
2024-05-22 14:46:43,0,0,0,0,169,170,130,304,44,321,484,260,238,617,503,224
2024-05-22 14:46:43,0,16,65,45,118,158,127,317,44,321,484,260,238,617,503,224
2024-05-22 14:46:43,0,16,65,45,118,158,127,317,160,411,416,341,78,432,431,120
2024-05-22 14:46:43,0,16,65,45,118,158,127,317,160,411,416,341,78,432,431,120
2024-05-22 14:46:43,0,0,0,0,16,150,136,315,160,411,416,341,78,432,431,120
2024-05-22 14:46:43,0,0,0,0,16,150,136,315,68,134,1252,408,107,410,454,239
2024-05-22 14:46:43,0,0,0,0,16,150,136,315,68,134,1252,408,107,410,454,239
2024-05-22 14:46:43,86,0,0,0,68,224,180,382,68,134,1252,408,107,410,454,239
2024-05-22 14:46:43,86,0,0,0,68,224,180,382,68,134,1252,408,107,410,454,239
2024-05-22 14:46:43,86,0,0,0,68,224,180,382,117,498,655,158,168,414,426,154
2024-05-22 14:46:43,86,0,0,0,68,224,180,382,117,498,655,158,168,414,426,154
2024-05-22 14:46:43,0,0,0,0,106,163,116,411,117,498,655,158,168,414,426,154
2024-05-22 14:46:43,0,0,0,0,106,163,116,411,9,295,565,234,196,353,492,198
2024-05-22 14:46:43,0,0,0,0,106,163,116,411,9,295,565,234,196,353,492,198
2024-05-22 14:46:43,0,0,0,0,123,184,177,580,9,295,565,234,196,353,492,198
2024-05-22 14:46:43,0,0,0,0,123,184,177,580,53,233,597,176,75,314,387,243
2024-05-22 14:46:43,0,0,0,0,123,184,177,580,53,233,597,176,75,314,387,243
2024-05-22 14:46:43,0,0,0,0,32,184,293,297,53,233,597,176,75,314,387,243
2024-05-22 14:46:43,0,0,0,0,32,184,293,297,105,327,698,246,177,387,469,105
2024-05-22 14:46:43,0,0,0,0,32,184,293,297,105,327,698,246,177,387,469,105
2024-05-22 14:46:43,0,0,0,0,0,149,121,193,105,327,698,246,177,387,469,105
2024-05-22 14:46:43,0,0,0,0,0,149,121,193,47,193,627,94,35,371,352,195
2024-05-22 14:46:43,0,0,0,0,0,149,121,193,47,193,627,94,35,371,352,195
2024-05-22 14:46:43,0,0,0,239,0,157,132,266,47,193,627,94,35,371,352,195
2024-05-22 14:46:43,0,0,0,239,0,157,132,266,141,295,669,266,66,567,314,189
2024-05-22 14:46:43,0,0,0,239,0,157,132,266,141,295,669,266,66,567,314,189
2024-05-22 14:46:43,7,0,22,169,41,173,157,243,141,295,669,266,66,567,314,189
2024-05-22 14:46:43,7,0,22,169,41,173,157,243,67,227,567,137,0,425,414,303
2024-05-22 14:46:43,7,0,22,169,41,173,157,243,67,227,567,137,0,425,414,303
2024-05-22 14:46:43,0,0,90,0,97,173,205,242,67,227,567,137,0,425,414,303
2024-05-22 14:46:43,0,0,90,0,97,173,205,242,126,257,912,269,58,338,332,201
2024-05-22 14:46:43,0,0,90,0,97,173,205,242,126,257,912,269,58,338,332,201
2024-05-22 14:46:43,0,260,0,0,82,170,81,224,126,257,912,269,58,338,332,201
2024-05-22 14:46:43,0,260,0,0,82,170,81,224,126,257,912,269,58,338,332,201
2024-05-22 14:46:43,0,260,0,0,82,170,81,224,141,562,477,275,237,344,368,260
2024-05-22 14:46:43,93,0,0,0,112,178,167,285,141,562,477,275,237,344,368,260
2024-05-22 14:46:43,93,0,0,0,112,178,167,285,141,562,477,275,237,344,368,260
2024-05-22 14:46:43,93,0,0,0,112,178,167,285,64,344,557,268,161,257,353,160
2024-05-22 14:46:43,93,0,0,0,112,178,167,285,64,344,557,268,161,257,353,160
2024-05-22 14:46:43,0,0,0,0,22,115,142,173,64,344,557,268,161,257,353,160
2024-05-22 14:46:43,0,0,0,0,22,115,142,173,112,262,708,271,231,428,384,234
2024-05-22 14:46:43,0,0,0,0,22,115,142,173,112,262,708,271,231,428,384,234
2024-05-22 14:46:43,0,0,0,12,132,198,458,201,112,262,708,271,231,428,384,234
2024-05-22 14:46:43,0,0,0,12,132,198,458,201,120,242,685,275,112,332,410,932
2024-05-22 14:46:43,0,0,0,12,132,198,458,201,120,242,685,275,112,332,410,932
2024-05-22 14:46:43,0,0,0,0,144,0,189,304,120,242,685,275,112,332,410,932
2024-05-22 14:46:43,0,0,0,0,144,0,189,304,158,219,734,294,200,368,525,370
2024-05-22 14:46:43,0,0,0,0,144,0,189,304,158,219,734,294,200,368,525,370
2024-05-22 14:46:43,13,0,0,0,493,164,108,309,158,219,734,294,200,368,525,370
2024-05-22 14:46:43,13,0,0,0,493,164,108,309,135,208,597,128,265,509,0,199
2024-05-22 14:46:43,13,0,0,0,493,164,108,309,135,208,597,128,265,509,0,199
2024-05-22 14:46:43,0,0,41,166,147,186,134,289,135,208,597,128,265,509,0,199
2024-05-22 14:46:43,0,0,41,166,147,186,134,289,90,272,553,469,84,0,330,175
2024-05-22 14:46:43,0,0,41,166,147,186,134,289,90,272,553,469,84,0,330,175
2024-05-22 14:46:43,0,100,12,0,41,126,134,259,90,272,553,469,84,0,330,175
2024-05-22 14:46:43,0,100,12,0,41,126,134,259,0,157,527,103,0,364,382,214
2024-05-22 14:46:43,0,100,12,0,41,126,134,259,0,157,527,103,0,364,382,214
2024-05-22 14:46:43,0,0,164,0,71,192,142,361,0,157,527,103,0,364,382,214
2024-05-22 14:46:43,0,0,164,0,71,192,142,361,70,26,371,292,73,292,382,196
2024-05-22 14:46:43,0,0,164,0,71,192,142,361,70,26,371,292,73,292,382,196
2024-05-22 14:46:43,0,12,0,0,13,125,146,266,70,26,371,292,73,292,382,196
2024-05-22 14:46:43,0,12,0,0,13,125,146,266,70,26,371,292,73,292,382,196
2024-05-22 14:46:43,0,12,0,0,13,125,146,266,250,570,167,295,86,343,376,262
2024-05-22 14:46:43,157,0,0,0,93,204,125,169,250,570,167,295,86,343,376,262
2024-05-22 14:46:43,157,0,0,0,93,204,125,169,250,570,167,295,86,343,376,262
2024-05-22 14:46:43,157,0,0,0,93,204,125,169,0,0,481,277,88,298,343,240
2024-05-22 14:46:43,157,0,0,0,93,204,125,169,0,0,481,277,88,298,343,240
2024-05-22 14:46:43,0,0,0,0,0,120,282,0,0,0,481,277,88,298,343,240
2024-05-22 14:46:43,0,0,0,0,0,120,282,0,0,286,489,324,73,419,376,0
2024-05-22 14:46:43,0,0,0,0,0,120,282,0,0,286,489,324,73,419,376,0
2024-05-22 14:46:43,1,0,0,0,79,29,268,233,0,286,489,324,73,419,376,0
2024-05-22 14:46:43,1,0,0,0,79,29,268,233,79,227,501,277,28,344,521,498
2024-05-22 14:46:43,1,0,0,0,79,29,268,233,79,227,501,277,28,344,521,498
2024-05-22 14:46:43,0,0,0,0,0,0,179,311,79,227,501,277,28,344,521,498
2024-05-22 14:46:43,0,0,0,0,0,0,179,311,126,307,666,286,107,196,48,260
2024-05-22 14:46:43,0,0,0,0,0,0,179,311,126,307,666,286,107,196,48,260
2024-05-22 14:46:43,0,10,0,48,80,161,124,280,126,307,666,286,107,196,48,260
2024-05-22 14:46:43,0,10,0,48,80,161,124,280,88,307,535,291,80,0,352,265
2024-05-22 14:46:43,0,10,0,48,80,161,124,280,88,307,535,291,80,0,352,265
2024-05-22 14:46:43,0,0,0,0,45,179,120,292,88,307,535,291,80,0,352,265
2024-05-22 14:46:43,0,0,0,0,45,179,120,292,176,321,583,535,0,379,397,234
2024-05-22 14:46:43,0,0,0,0,45,179,120,292,176,321,583,535,0,379,397,234
2024-05-22 14:46:43,0,6,6,0,41,108,108,283,176,321,583,535,0,379,397,234
2024-05-22 14:46:43,0,6,6,0,41,108,108,283,36,213,0,347,47,387,411,260
2024-05-22 14:46:43,0,6,6,0,41,108,108,283,36,213,0,347,47,387,411,260
2024-05-22 14:46:43,85,0,0,0,88,184,149,306,36,213,0,347,47,387,411,260
2024-05-22 14:46:43,85,0,0,0,88,184,149,306,143,211,0,227,149,350,419,128
2024-05-22 14:46:43,85,0,0,0,88,184,149,306,143,211,0,227,149,350,419,128
2024-05-22 14:46:43,0,0,0,0,21,141,43,243,143,211,0,227,149,350,419,128
2024-05-22 14:46:43,0,0,0,0,21,141,43,243,143,211,0,227,149,350,419,128
2024-05-22 14:46:43,0,0,0,0,21,141,43,243,237,655,562,246,93,306,461,259
2024-05-22 14:46:43,0,0,0,0,21,141,43,243,237,655,562,246,93,306,461,259
2024-05-22 14:46:43,0,0,0,0,51,190,138,0,237,655,562,246,93,306,461,259
2024-05-22 14:46:43,0,0,0,0,51,190,138,0,187,184,506,196,52,297,298,93
2024-05-22 14:46:43,0,0,0,0,51,190,138,0,187,184,506,196,52,297,298,93
2024-05-22 14:46:44,0,0,0,0,6,99,0,149,187,184,506,196,52,297,298,93
2024-05-22 14:46:44,0,0,0,0,6,99,0,149,71,186,603,216,104,396,373,239
2024-05-22 14:46:44,0,0,0,0,6,99,0,149,71,186,603,216,104,396,373,239
2024-05-22 14:46:44,0,0,0,0,65,0,241,304,71,186,603,216,104,396,373,239
2024-05-22 14:46:44,0,0,0,0,65,0,241,304,71,189,618,143,46,300,387,752
2024-05-22 14:46:44,0,0,0,0,65,0,241,304,71,189,618,143,46,300,387,752
2024-05-22 14:46:44,0,0,0,0,65,0,241,304,71,189,618,143,46,300,387,752
2024-05-22 14:46:44,0,0,0,0,65,0,241,304,67,233,602,292,49,0,132,234
2024-05-22 14:46:44,0,0,0,0,65,0,241,304,67,233,602,292,49,0,132,234
2024-05-22 14:46:44,0,0,9,0,0,150,129,237,67,233,602,292,49,0,132,234
2024-05-22 14:46:44,0,0,9,0,0,150,129,237,16,125,588,67,112,597,367,221
2024-05-22 14:46:44,0,0,9,0,0,150,129,237,16,125,588,67,112,597,367,221
2024-05-22 14:46:44,0,0,0,71,41,102,127,301,16,125,588,67,112,597,367,221
2024-05-22 14:46:44,0,0,0,71,41,102,127,301,109,196,620,259,0,298,320,233
